-- phpMyAdmin SQL Dump
-- version 5.2.1
-- https://www.phpmyadmin.net/
--
-- 主機： 127.0.0.1
-- 產生時間： 2024-02-16 07:35:40
-- 伺服器版本： 10.4.32-MariaDB
-- PHP 版本： 8.2.12

SET SQL_MODE = "NO_AUTO_VALUE_ON_ZERO";
START TRANSACTION;
SET time_zone = "+00:00";


/*!40101 SET @OLD_CHARACTER_SET_CLIENT=@@CHARACTER_SET_CLIENT */;
/*!40101 SET @OLD_CHARACTER_SET_RESULTS=@@CHARACTER_SET_RESULTS */;
/*!40101 SET @OLD_COLLATION_CONNECTION=@@COLLATION_CONNECTION */;
/*!40101 SET NAMES utf8mb4 */;

--
-- 資料庫： `expstore`
--

-- --------------------------------------------------------

--
-- 資料表結構 `addbook`
--

CREATE TABLE `addbook` (
  `addressid` int(10) NOT NULL COMMENT '地址ID',
  `setdefault` tinyint(1) NOT NULL DEFAULT 0 COMMENT '預設收件人',
  `emailid` int(10) NOT NULL COMMENT '會員編號',
  `cname` varchar(30) NOT NULL COMMENT '收件者姓名',
  `mobile` varchar(20) NOT NULL COMMENT '收件者電話',
  `myzip` varchar(10) DEFAULT NULL COMMENT '郵遞區號',
  `address` varchar(200) NOT NULL COMMENT '收件地址',
  `create_date` timestamp NOT NULL DEFAULT current_timestamp() COMMENT '建立日期'
) ENGINE=InnoDB DEFAULT CHARSET=utf8 COLLATE=utf8_unicode_ci;

-- --------------------------------------------------------

--
-- 資料表結構 `carousel`
--

CREATE TABLE `carousel` (
  `caro_id` int(3) NOT NULL COMMENT '輪播編號',
  `caro_title` varchar(50) DEFAULT NULL COMMENT '輪播標題',
  `caro_content` varchar(100) DEFAULT NULL COMMENT '輪播內容介紹',
  `caro_online` tinyint(1) NOT NULL DEFAULT 1 COMMENT '上下架',
  `caro_sort` int(3) NOT NULL COMMENT '輪播排序',
  `caro_pic` varchar(50) NOT NULL COMMENT '輪播圖檔名稱',
  `p_id` int(10) NOT NULL COMMENT '產品編號',
  `create_date` timestamp NOT NULL DEFAULT current_timestamp() COMMENT '建立日期'
) ENGINE=InnoDB DEFAULT CHARSET=utf8 COLLATE=utf8_unicode_ci;

--
-- 傾印資料表的資料 `carousel`
--

INSERT INTO `carousel` (`caro_id`, `caro_title`, `caro_content`, `caro_online`, `caro_sort`, `caro_pic`, `p_id`, `create_date`) VALUES
(1, '關於鸚仔鋪', '主打「檢驗合格」的鸚鵡認證飼料，鸚鵡穀物飼料全品項均通過「intertek」農藥殘留檢驗全數通過！嚴格把關所有原料品質，共同守護鳥寶健康！', 1, 1, 'img01.jpg', 1, '2024-01-22 06:17:07'),
(2, '穀物首選', '低溫烘培 營養加分 日常補充', 1, 2, 'img02.jpg', 2, '2024-01-22 06:18:41'),
(3, '熱門鮮果飼料', '每日的健康 鸚仔鋪與您共同堅守', 1, 3, 'img03.jpg', 3, '2024-01-22 06:19:03');

-- --------------------------------------------------------

--
-- 資料表結構 `cart`
--

CREATE TABLE `cart` (
  `cartid` int(10) NOT NULL COMMENT '購物車編號',
  `emailid` int(10) DEFAULT NULL COMMENT '會員編號',
  `p_id` int(10) NOT NULL COMMENT '產品編號',
  `qty` int(3) NOT NULL COMMENT '產品數量',
  `orderid` varchar(30) DEFAULT NULL COMMENT '訂單編號',
  `status` tinyint(4) NOT NULL DEFAULT 1 COMMENT '訂單處理狀態',
  `ip` varchar(200) NOT NULL COMMENT '訂購者的IP',
  `create_date` timestamp NOT NULL DEFAULT current_timestamp() COMMENT '加入購物車時間'
) ENGINE=InnoDB DEFAULT CHARSET=utf8 COLLATE=utf8_unicode_ci;

--
-- 傾印資料表的資料 `cart`
--

INSERT INTO `cart` (`cartid`, `emailid`, `p_id`, `qty`, `orderid`, `status`, `ip`, `create_date`) VALUES
(1, NULL, 15, 2, NULL, 1, '::1', '2024-02-05 05:41:24'),
(2, NULL, 15, 1, NULL, 1, '::1', '2024-02-05 07:38:01'),
(3, NULL, 14, 1, NULL, 1, '::1', '2024-02-05 07:38:47'),
(4, NULL, 14, 1, NULL, 1, '::1', '2024-02-05 07:45:21'),
(5, NULL, 13, 1, NULL, 1, '::1', '2024-02-05 07:45:29'),
(6, NULL, 2, 1, NULL, 1, '::1', '2024-02-05 08:15:59');

-- --------------------------------------------------------

--
-- 資料表結構 `city`
--

CREATE TABLE `city` (
  `AutoNo` int(10) NOT NULL COMMENT '城市編號',
  `Name` varchar(150) NOT NULL COMMENT '城市名稱',
  `cityOrder` tinyint(2) NOT NULL COMMENT '標記',
  `State` smallint(6) NOT NULL COMMENT '狀態'
) ENGINE=MyISAM DEFAULT CHARSET=utf8 COLLATE=utf8_unicode_ci;

--
-- 傾印資料表的資料 `city`
--

INSERT INTO `city` (`AutoNo`, `Name`, `cityOrder`, `State`) VALUES
(1, '臺北市', 0, 0),
(2, '基隆市', 0, 0),
(3, '新北市', 0, 0),
(4, '宜蘭縣', 0, 0),
(5, '新竹市', 0, 0),
(6, '新竹縣', 0, 0),
(7, '桃園市', 0, 0),
(8, '苗栗縣', 0, 0),
(9, '台中市', 0, 0),
(10, '彰化縣', 0, 0),
(11, '南投縣', 0, 0),
(12, '雲林縣', 0, 0),
(13, '嘉義市', 0, 0),
(14, '嘉義縣', 0, 0),
(15, '台南市', 0, 0),
(16, '高雄市', 0, 0),
(17, '南海諸島', 0, 0),
(18, '澎湖縣', 0, 0),
(19, '屏東縣', 0, 0),
(20, '台東縣', 0, 0),
(21, '花蓮縣', 0, 0),
(22, '金門縣', 0, 0),
(23, '連江縣', 0, 0);

-- --------------------------------------------------------

--
-- 資料表結構 `hot`
--

CREATE TABLE `hot` (
  `h_id` int(3) NOT NULL COMMENT '熱銷商品流水號',
  `p_id` int(10) NOT NULL COMMENT '產品編號',
  `h_sort` int(3) DEFAULT NULL COMMENT '熱銷商品排名'
) ENGINE=InnoDB DEFAULT CHARSET=utf8 COLLATE=utf8_unicode_ci;

--
-- 傾印資料表的資料 `hot`
--

INSERT INTO `hot` (`h_id`, `p_id`, `h_sort`) VALUES
(1, 13, 1),
(2, 14, 2),
(3, 15, 3),
(4, 16, 4);

-- --------------------------------------------------------

--
-- 資料表結構 `member`
--

CREATE TABLE `member` (
  `emailid` int(11) NOT NULL COMMENT 'email流水號',
  `email` varchar(100) NOT NULL COMMENT 'email帳號',
  `pw1` varchar(50) NOT NULL COMMENT '密碼',
  `active` tinyint(1) NOT NULL DEFAULT 1 COMMENT '是否啟動',
  `cname` varchar(30) NOT NULL COMMENT '中文姓名',
  `tssn` varchar(20) NOT NULL COMMENT '身份證字號',
  `birthday` date NOT NULL COMMENT '生日',
  `imgname` varchar(20) DEFAULT NULL COMMENT '相片檔名',
  `create_date` timestamp NOT NULL DEFAULT current_timestamp() COMMENT '建立日期'
) ENGINE=InnoDB DEFAULT CHARSET=utf8 COLLATE=utf8_unicode_ci;

-- --------------------------------------------------------

--
-- 資料表結構 `multiselect`
--

CREATE TABLE `multiselect` (
  `msid` int(5) NOT NULL COMMENT '多功能選擇ID',
  `mslevel` int(2) NOT NULL COMMENT '多功能選擇層級',
  `msuplink` int(4) NOT NULL COMMENT '上層連結',
  `opcode` varchar(10) DEFAULT NULL COMMENT '外掛參數',
  `msname` varchar(50) NOT NULL COMMENT '多功能選擇名稱',
  `msort` int(11) DEFAULT NULL COMMENT '各功能列表排序',
  `url1` varchar(200) DEFAULT NULL COMMENT '外掛網址1',
  `url2` varchar(200) DEFAULT NULL COMMENT '外掛網址2',
  `create_date` timestamp NOT NULL DEFAULT current_timestamp() COMMENT '建立日期',
  `update_date` timestamp NOT NULL DEFAULT current_timestamp() ON UPDATE current_timestamp() COMMENT '修改日期'
) ENGINE=InnoDB DEFAULT CHARSET=utf8 COLLATE=utf8_unicode_ci;

--
-- 傾印資料表的資料 `multiselect`
--

INSERT INTO `multiselect` (`msid`, `mslevel`, `msuplink`, `opcode`, `msname`, `msort`, `url1`, `url2`, `create_date`, `update_date`) VALUES
(1, 1, 0, NULL, '付款方式', 0, NULL, NULL, '2023-08-11 09:46:53', '2023-08-17 03:42:28'),
(2, 1, 0, NULL, '訂單處理狀態', 0, NULL, NULL, '2023-08-11 09:52:29', '2023-08-17 03:42:41'),
(3, 2, 1, NULL, '貨到付款', 1, NULL, NULL, '2023-08-11 09:55:45', '2023-08-17 03:43:37'),
(4, 2, 1, NULL, '信用卡付款', 2, NULL, NULL, '2023-08-11 09:55:45', '2023-08-17 03:43:54'),
(5, 2, 1, NULL, '銀行轉帳', 3, NULL, NULL, '2023-08-11 09:55:45', '2023-08-17 03:44:37'),
(6, 2, 1, NULL, '電子支付', 4, NULL, NULL, '2023-08-11 09:55:45', '2023-08-17 03:44:51'),
(7, 2, 2, NULL, '處理中', 1, NULL, NULL, '2023-08-11 10:06:42', '2023-08-17 03:45:03'),
(8, 2, 2, NULL, '待出貨', 2, NULL, NULL, '2023-08-11 10:06:42', '2023-08-17 03:45:32'),
(9, 2, 2, NULL, '運送中', 3, NULL, NULL, '2023-08-11 10:06:42', '2023-08-17 03:45:45'),
(10, 2, 2, NULL, '收貨完成', 4, NULL, NULL, '2023-08-11 10:06:42', '2023-08-17 03:46:10'),
(11, 2, 2, NULL, '退貨中', 5, NULL, NULL, '2023-08-11 10:06:42', '2023-08-17 03:46:24'),
(12, 2, 2, NULL, '已關閉訂單', 6, NULL, NULL, '2023-08-11 10:06:42', '2023-08-17 03:46:35'),
(13, 2, 2, NULL, '無效訂單', 7, NULL, NULL, '2023-08-11 10:06:42', '2023-08-17 05:39:26'),
(14, 2, 2, NULL, '訂單確認', 8, NULL, NULL, '2023-08-18 06:13:47', '2023-10-23 12:37:36'),
(15, 2, 2, NULL, '平台出貨', 9, NULL, NULL, '2023-08-18 06:13:47', '2023-10-25 08:29:31'),
(34, 1, 0, NULL, '付款處理狀態', 0, NULL, NULL, '2023-08-11 09:52:29', '2023-08-17 03:42:41'),
(35, 2, 34, NULL, '侍貨到付款', 1, NULL, NULL, '2023-08-11 09:55:45', '2023-10-25 08:39:12'),
(36, 2, 34, NULL, '完成付款', 2, NULL, NULL, '2023-08-11 09:55:45', '2023-10-25 08:39:12'),
(37, 2, 34, NULL, '未完成付款', 3, NULL, NULL, '2023-08-11 09:55:45', '2023-10-25 08:39:12'),
(38, 2, 34, NULL, '貨到付款已完成', 4, NULL, NULL, '2023-08-11 09:55:45', '2023-10-25 08:39:12');

-- --------------------------------------------------------

--
-- 資料表結構 `product`
--

CREATE TABLE `product` (
  `p_id` int(10) NOT NULL COMMENT '產品編號',
  `classid` int(3) NOT NULL COMMENT '產品類別',
  `p_name` varchar(200) NOT NULL COMMENT '產品名稱',
  `p_intro` varchar(200) DEFAULT NULL COMMENT '產品簡介',
  `p_price` int(11) DEFAULT NULL COMMENT '產品單價',
  `p_open` tinyint(1) NOT NULL DEFAULT 1 COMMENT '上架',
  `p_content` text DEFAULT NULL COMMENT '產品詳細規格',
  `p_date` timestamp NULL DEFAULT current_timestamp() COMMENT '產品輸入日期'
) ENGINE=InnoDB DEFAULT CHARSET=utf8 COLLATE=utf8_unicode_ci;

--
-- 傾印資料表的資料 `product`
--

INSERT INTO `product` (`p_id`, `classid`, `p_name`, `p_intro`, `p_price`, `p_open`, `p_content`, `p_date`) VALUES
(1, 31, '中小型蔬果嘉年華', '額外添加台產紫米、黑豆。促進身體機能健康。通過食品安全檢定的飼料。鸚鵡飼料。', 180, 1, '嚴選台灣當季新鮮蔬果低溫烘培製作，至少含9種蔬果，市面上蔬果種類最豐富！', '2024-01-22 06:40:53'),
(2, 31, '普羅旺斯鄉村田野風味', '波力嚴選無瓜子飼料 精緻飼料 波力鸚鵡玩具生活館', 380, 1, '主要成分 : \r\n\r\n紅薯、紫薯、地瓜、香蕉、芋頭、青蘿蔔、紅蘿蔔、波羅蜜、南瓜、四季豆、秋葵、蘋果、奇異果、蓮藕、脆冬棗、草莓、薏仁、火麻、食品級麥片、燕麥、黃扁豆、特製黑豆、特製毛豆、特製黃豆、無花果、腰果、杏仁、核桃仁，南瓜子，蔬菜乾，枸杞等....\r\n\r\n一般蔬果都固定配料，唯因季節變化會略有不同', '2024-01-22 06:40:53'),
(3, 31, '中小型熟化營養日糧', '陽光野莓 飛德瑞純粹寵物嚴選日糧(紫外線殺菌)', 529, 1, '多樣100%天然水果乾.蔓越莓.藍莓.檸檬.白葡萄.紫葡萄.等........。\r\n\r\n黃金麥，蕎麥，火麻黑豆，薏仁，燕麥，亞麻，蕎麥，燕麥，小米，大米，細多，紅大米，火麻，尼日子，亞麻籽，小麥，核桃，另外天然微量元素。\r\n\r\n<<無添加:瓜子，花生，玉米，人工軟糖>>', '2024-01-22 06:40:53'),
(4, 32, '紅花盛宴綜合穀物', '美國原裝進口 日常主食飼料 鸚鵡飼料', 475, 1, '紅花盛宴是我們的天然混合物（添加了維生素，礦物質和氨基酸），適用於Conures，小鸚鵡和愛情鳥，是美食的強化鳥類食物，沒有向日葵種子或花生。紅花盛宴不含人造防腐劑，香料和化學色素。相反，希金斯使用的顏色來自種子，香料和蔬菜。紅花盛宴富含均衡的omega-3和6脂肪酸，可支持免疫系統。還添加了受保護的益生菌，以支持將更活躍，更有益的細菌遞送至腸道，從而促進消化健康和免疫。', '2024-01-22 06:40:53'),
(5, 32, '瑪雅豐收綜合穀物', '尤卡坦半島 中型 中小型天然草本保健系列 鸚鵡飼料', 650, 1, '古瑪雅人在叢林中尋找食物，在大地上耕作，以獲取水果、蔬菜、種子、堅果、豆類和藥草。古瑪雅人將墨西哥和中南美洲的當地鳥類視為世間最神聖的動物。受此啟發，希金斯創造出既天然又全面的混合食物--瑪雅豐收。瑪雅豐收是各種奇異天然食物成分和完整藥草的均衡混合，它不含合成維生素，未添加任何人工色素和亞硫酸鹽。瑪雅豐收混合富含從植物中提取的DHA Omega-3脂肪酸和具有保護作用的益生菌，用於提高免疫系統。瑪雅豐收之尤卡坦半島不含花生、玉米或葵花籽。可以讓鳥兒嘗試所有瑪雅豐收系列產品，讓鳥兒享受既健康又全面的營養餐食所能帶來的益處。', '2024-01-22 06:40:53'),
(6, 32, '中草藥配方糧', 'AVIAN WORLD/中草藥配方糧(小型鸚鵡)/鸚鵡飼料 鳥飼料', 220, 1, '【大鸚帝國】AVIAN WORLD/中草藥配方糧(小型鸚鵡)/鸚鵡飼料 鳥飼料 有殼 進口穀物飼料 太平洋 小鸚 牡丹', '2024-01-22 06:40:53'),
(7, 33, '日常綜合維他命', '凡賽爾日常維他命 鸚鵡維他命 鸚鵡保健品 營養補充', 360, 1, '成分:\r\n\r\n添加劑/千克\r\n\r\n營養添加劑\r\n\r\n維生素A 3025000 IU，維生素D3 220000 IU，維生素E 7700毫克，維生素K3 660毫克，維生素B1 880毫克，維生素B2 3520毫克，D-泛酸鈣2420毫克，維生素B6 1320毫克，維生素B12 5.5毫克，維生素C 13200毫克，菸酸17600毫克，葉酸330毫克，生物素33毫克，3.2.3。L-賴氨酸15000 mg，3c301 DL-蛋氨酸20000 mg，E1（鐵）2500 mg，E4（銅）500 mg，E5（錳）4960 mg，3b605（鋅）4480 mg，3b202（碘）100 mg，3b8。 11（硒）20毫克、葡萄糖，麥芽糊精', '2024-01-22 06:40:53'),
(8, 33, '藍藻活菌', '100g 營養補品 維他命系列 礦物質系列', 200, 1, '含有豐富的維他命與礦物質，提供完整必需的胺基酸，優質蛋白質來源，促進代謝性水份的排泄，調整肝臟代謝機能的重要元素，含有均衡的非必要胺基酸 豐富的亞麻油酸，藍藻中豐富的葉綠素可以協助排除有害的化學物質，重金屬於與污染物，保護肝臟細胞避免毒素的干擾也可以減輕廢物對腎臟的負擔 更有效地降低血液裡的膽固醇，降低罹患腸道腫瘤的機率，提升免疫力系統功能幫助分解加強體內綜合維生素以及鈣質的吸收，消化蛋白質抑制念珠菌酵素的滋生', '2024-01-22 06:40:53'),
(9, 33, '乳酸鈣', '補充鈣質 動物補鈣劑 飼料添加劑 降低軟蛋機率', 130, 1, '乳酸鈣是補充鈣質的理想添加劑，具有高溶解度可溶於水，生理寬容性大，酸根直接被吸收代謝而無積留等優點。\r\n\r\n乳酸鈣是一種安全的食品添加劑，營養供應品使用在動物的補鈣劑，作為參與骨骼的形成與骨折後骨組織的再建，參與肌肉收縮，神經傳遞，線體分泌，視覺生理和凝血機制等。\r\n\r\n乳酸鈣被認為是具有價值的飼料添加劑，在飼料中加入1-3%乳酸鈣可以提高產蛋率。', '2024-01-22 06:40:53'),
(10, 34, '美國蔓越莓', '(切半) 富含維他命C (300克包裝) 花青素 最佳零食', 155, 1, '蔓越莓有紅寶石之稱，富含維他命C　花青素　不飽和脂肪酸　果膠\r\n\r\n蔓越莓之功效可以在網路上查詢，通常花青素都存在於莓果居多，日常飲食較不易取得', '2024-01-22 06:40:53'),
(11, 34, '美國野生藍莓', '鮮果非冷凍產品 富含維生素 花青素 微量元素 最佳零食', 390, 1, '據對從美國引進的14個品種的藍莓果實分析測定，每百克藍莓鮮果中花青苷色素含量高達163mg，蛋白質400-700毫克、脂肪500-600毫克、碳水化合物12.3-15.3毫克，維生素A高達81-100國際單位、維生素E 2.7-9.5微克、SOD5.39國際單位，維生素都高於其他水果。', '2024-01-22 06:40:53'),
(12, 120, '套圈圈益智互動玩具', '鸚鵡不銹鋼套圈圈益智互動玩具開發智力', 80, 1, '金屬鍍鋅材質的套圈圈玩具,再也不怕鳥寶啃咬壞掉了。', '2024-01-22 06:40:53'),
(13, 120, '不銹鋼金屬湯匙玩具', '不銹鋼金屬湯匙玩具壓克力小花果凍符號啃咬鸚鵡啃咬玩具', 125, 1, '啃咬玩具實際上是耗材有啃咬一定會損壞藉由手做的過程即使鳥寶咬壞依然能重新修繕，更換配件繼續使用。這是DIY的初衷，而不是一次性使用，咬壞全丟這樣也不環保。 每隻鳥寶個性及喜好啃咬物品都不同，鳥主人們多多觀察就能夠自己組合新玩具，建議主人們動手幫鳥寶啃壞的玩具重新串一串可以把咬剩的玩具綁一綁，又是一個新的啃咬串玩具囉！發揮創意給與鳥寶無限的愛~', '2024-01-22 06:40:53'),
(14, 121, '龍木彎曲站棍', '龍木彎曲站棍純天然實木彎曲站棍!適合小型、中型鸚鵡。', 55, 1, '純天然龍木彎曲站棍!\r\n\r\n注意：因天然站棍棍每一隻弧度皆不同!\r\n\r\n有些偏直，有些偏彎【隨機出貨】\r\n\r\n完美主義者請勿下單！感謝配合', '2024-01-22 06:40:53'),
(15, 121, '桃花心木串', '玉米芯桃花心木串!鳥寶最愛桃花心木!', 45, 1, '玉米桃花心木串!\r\n\r\n自家鳥寶ㄚ金最愛桃花心木啦!\r\n\r\n一看到它就爆咬不停哇~~~\r\n\r\nㄚ金表示:啃咬的觸感太療癒了!', '2024-01-22 06:40:53'),
(16, 121, '原木頭沙鈴', '原木頭沙鈴沙錘手握沙鈴木製搖鈴玩具', 48, 1, '沙鈴聲音沙沙的聲音、不刺耳、沙錘安全無銳角\r\n\r\n天然木材紋路顏色多少有點差異.因製程關係圓鈴和握把會有接縫或木材本身自然小裂痕皆不影響不介意在下單', '2024-01-22 06:40:53'),
(17, 121, '蘋果木枝', '烘乾蘋果木枝磨牙樹枝龍貓倉鼠兔子鸚鵡寵物物零食磨牙棒', 35, 1, '這是食品烘乾機經過長時間低溫烘烤出來紅富士蘋果樹的樹枝，\r\n\r\n相當適合齧齒類動物使用,若不給他磨牙牙齒會一直長，容易造成牙齦發炎，牙齦發炎一旦吃東西寶貝就會不舒服喔!', '2024-01-22 06:40:53'),
(18, 122, '棉繩大原木串', '大中小鸚鵡啃咬玩具純天然棉繩大原木串耐啃咬金剛灰鸚鵡玩具', 145, 1, '對於家寵鳥寶來說啃咬木頭的天性，啃咬玩具是不可少的，在家中時間長，若沒有主人相陪，除了吃還能夠做些什麼呢？啃咬玩具不只能幫助磨喙，也可以陪鳥寶玩樂，每次將玩具破壞殆盡，也是一種享受，鳥寶在家若閒閒沒事，久了就會有啄羽的情形出現，要不就變成開鎖大師，讓鳥寶不時有新的玩具出現，除了刺激感官，訓練抓握力，對智力跟歡愉度都會提升喔！', '2024-01-22 07:30:57'),
(19, 122, '攀爬繩索爬益智玩具', '鸚鵡啃咬玩具 灰鸚鵡金剛木制純天然攀爬繩索爬益智玩具棉繩', 250, 1, '對於家寵鳥寶來說啃咬木頭的天性，啃咬玩具是不可少的，在家中時間長，若沒有主人相陪，除了吃還能夠做些什麼呢？啃咬玩具不只能幫助磨喙，也可以陪鳥寶玩樂，每次將玩具破壞殆盡，也是一種享受，鳥寶在家若閒閒沒事，久了就會有啄羽的情形出現，要不就變成開鎖大師，讓鳥寶不時有新的玩具出現，除了刺激感官，訓練抓握力，對智力跟歡愉度都會提升喔！', '2024-01-22 07:30:57'),
(20, 122, '壓克力鈴鐺串啃咬玩具', '星星花朵雪花壓克力鈴鐺串啃咬玩具鸚鵡鳥具玩具', 60, 1, '隨機出貨不挑色唷~\r\n\r\n優質壓克力板玩具精緻漂亮顏色鮮豔 壓克力板厚實 這款是十分耐咬玩樂的玩具', '2024-01-22 07:30:57'),
(21, 123, '水晶籠', '透明全景運輸鸚鵡鳥籠手提外出籠蜜袋鼯龍貓松鼠', 950, 1, '精品款，實品很精緻~\r\n\r\n※水晶外出籠可以作為外出運輸籠、旅行籠、幼鳥學吃過渡期的籠子（中間鐵網部分可以掛保溫燈）', '2024-01-22 07:35:46'),
(22, 123, '後背包', '後背包外出包中小型鸚鵡花椒木站棍外出包後背包~', 1050, 1, '【品名】20孔設計好調整的鸚鵡雙肩包\r\n\r\n【適用】大中小型鸚鵡\r\n\r\n【規格】外出雙肩包送［花椒木站棍32CM一支］or［櫸木麻花木站棍32CM一支］＋［屎盤一個］\r\n\r\nｐｓ：附贈的站棍隨機出貨～\r\n\r\n【尺寸】高42 面寬32cm 厚度24-28cm', '2024-01-22 07:35:46'),
(23, 124, '304不鏽鋼外出籠', '台灣熱賣 鸚鵡鳥籠 304不鏽鋼外出籠', 3220, 1, '鳥籠子虎皮玄鳳鸚鵡外出籠 籠子 鸚鵡籠子 寵物籠子 寵物用品', '2024-01-22 07:44:13'),
(24, 124, '2尺加高型不鏽鋼白鐵鳥籠', '✨全開大門✨2尺加高型不鏽鋼白鐵鳥籠☆台灣製☆', 5100, 1, '尺寸 : 正門61.5cm 深度45.5cm 高度112cm (含輪高)，實內高度90cm\r\n線距1公分±0.3cm', '2024-01-22 07:44:13'),
(25, 124, '1.5尺四方不鏽鋼鸚鵡籠', '1.5尺四方不鏽鋼鸚鵡籠白鐵鸚鵡鳥籠~台灣製造', 3000, 1, '●尺寸L45×W47×H58.5公分 ( 含輪高66.5公分)\r\n\r\n●籠內高度43.5±公分\r\n\r\n●間距1.2±0.1公分\r\n\r\n●100%台灣製造(MIT)\r\n\r\n●全開大門，白鐵底盤&底網抽取式 - 好清潔好整理', '2024-01-22 07:44:13'),
(26, 125, '鳥籠刷子', '鳥籠刷子 清洗刷 籠子刷 清潔刷 長型 長柄 鸚鵡 蜜袋鼯 松鼠 龍貓 鳥 天竺鼠 貂', 49, 1, '皆為手工製作，難免有線頭或是製作痕跡。\r\n商品皆為手工測量 ，難免有誤差1-3cm。\r\n寵物商品屬於個人衛生用品，\r\n無拆封試用，', '2024-01-22 07:49:22'),
(27, 125, '鳥籠鎖扣', '螃蟹夾 鸚鵡防逃籠門鎖 鳥籠鎖扣 扣環 螃蟹扣 扣 籠子門鎖 鳥籠安全鎖 防逃籠門鎖', 12, 1, '鳥籠鎖扣鸚鵡籠子安全扣門鎖 鸚鵡防逃籠門鎖', '2024-01-22 07:49:22'),
(28, 125, '鸚鵡白鐵水壺', '間隔兩公分籠子用 鸚鵡用品', 100, 1, '約500c.c   高16.5公分   杯口2公分　卡扣適用於兩公分縫隙的籠子', '2024-01-22 07:49:22'),
(29, 125, '籠外專用保溫燈架', '溫燈/保溫燈架/掛架/鸚鵡保溫/鳥保溫/防燙/防咬', 220, 1, '※本品為燈架，不包含保溫燈 \r\n\r\n※請安裝在\"籠外\"\r\n\r\n※為避免傾倒，請安裝在一尺半以上的鳥籠　　\r\n\r\n※僅限吊掛保溫燈使用，勿作為鳥用棲架以免危險', '2024-01-22 07:49:22'),
(30, 126, '生化沐浴粉', '凡賽爾生化沐浴粉 300克', 700, 1, '本品為寵鳥們最喜愛的沐浴聖品，配方科學獨特、效果顯著，且不含任何毒性與剌激性成份(鳥兒在沐浴中誤食本品亦無害)，業已風行歐洲數拾年。', '2024-01-22 07:53:32'),
(31, 126, '鳥沐浴露', '鳥沐浴露洗澡鳥洗澡香波鸚鵡洗澡鸚鵡沐浴露清除 羽粉羽屑預防咬毛', 325, 1, '鳥沐浴露洗澡鳥洗澡香波鸚鵡洗澡鸚鵡沐浴露清除 羽粉羽屑預防咬毛', '2024-01-22 07:53:32'),
(32, 127, '鳥用洗澡盆', '鳥用浴室 鳥用沐浴 中小型鳥塑膠外掛澡盆 鳥用洗澡盆 浴盆 小鳥洗澡器 鳥籠洗澡盒 鸚鵡洗澡用', 49, 1, '小型鳥可泡澡、大型鳥可沾水洗澡', '2024-01-22 07:56:56'),
(33, 127, '電動 鸚鵡洗澡盆', '電動 鸚鵡洗澡盆 鸚鵡澡盆 鳥籠 鸚鵡用品 鸚鵡籠子 鳥用品 鸚鵡洗澡 鳥籠配件 鳥用浴盆 鳥洗澡盆 鳥用電動洗澡盆', 268, 1, '-180度旋轉水龍頭，迴圈自動出水，給鸚鵡洗澡方便\r\n-類比天然淋浴，讓鳥兒自由玩耍\r\n-大容量水槽空間，利用排水孔與馬達迴圈利用水槽內的水，環保節水', '2024-01-22 07:56:56'),
(34, 32, '精選白大米', '天然穀物|膳食纖維|鸚鵡|倉鼠 鸚鵡零食 鳥飼料 鳥零食 鸚鵡飼料', 40, 1, '大米含有豐富的脂肪、蛋白質、維生素和礦物質~\r\n\r\n適合小型、中小鸚鵡、松鼠、蜜袋鼯\r\n\r\n(文鳥、橫斑、愛情鳥、牡丹、虎皮鸚鵡、玄鳳、和尚、小太陽等均適用)', '2024-01-22 06:40:53'),
(35, 32, '帶殼開心果', '堅果穀物/有殼/點心/零時/鸚鵡/鼠類/小動物', 350, 1, '有時因產季或產地不同，外觀會有差異，請能接受的買家再下標喔!!\r\n\r\n適用鳥種：大型、中大型、中型、中小型鸚鵡', '2024-01-22 06:40:53'),
(36, 32, '客製挑嘴鳥鸚鵡飼料', '哈哈鳥特調 哈里森 樂飛寶 柔迪布希 路比爾滋養丸➕堅果➕果乾➕無殼穀物等', 650, 1, '特調下單後才調配因工作及考試關係近期出貨較慢\r\n請能接受再下標，急用請勿下單謝謝\r\n下標後聊聊訊息不回應者\r\n自家寶貝吃的內容物不溝通討論\r\n', '2024-01-22 06:40:53');

-- --------------------------------------------------------

--
-- 資料表結構 `product_img`
--

CREATE TABLE `product_img` (
  `img_id` int(11) NOT NULL COMMENT '圖檔編號',
  `p_id` int(10) NOT NULL COMMENT '產品編號',
  `img_file` varchar(100) NOT NULL COMMENT '圖檔名稱',
  `sort` int(2) NOT NULL COMMENT '圖片順序',
  `create_date` timestamp NOT NULL DEFAULT current_timestamp() COMMENT '建立日期'
) ENGINE=InnoDB DEFAULT CHARSET=utf8 COLLATE=utf8_unicode_ci;

--
-- 傾印資料表的資料 `product_img`
--

INSERT INTO `product_img` (`img_id`, `p_id`, `img_file`, `sort`, `create_date`) VALUES
(1, 1, 'food1-1a.jpg', 1, '2024-01-22 07:06:22'),
(2, 1, 'food1-1b.jpg', 2, '2024-01-22 07:06:22'),
(3, 2, 'food1-2a.jpg', 1, '2024-01-22 07:06:22'),
(4, 2, 'food1-2b.jpg', 2, '2024-01-22 07:06:22'),
(5, 3, 'food1-3a.jpg', 1, '2024-01-22 07:06:22'),
(6, 3, 'food1-3b.jpg', 2, '2024-01-22 07:06:22'),
(7, 4, 'food2-1a.jpg', 1, '2024-01-22 07:06:22'),
(8, 4, 'food2-1b.jpg', 2, '2024-01-22 07:06:22'),
(9, 5, 'food2-2a.jpg', 1, '2024-01-22 07:06:22'),
(10, 5, 'food2-2b.jpg', 2, '2024-01-22 07:06:22'),
(11, 6, 'food2-3a.jpg', 1, '2024-01-22 07:06:22'),
(12, 6, 'food2-3b.jpg', 2, '2024-01-22 07:06:22'),
(13, 7, 'food3-1a.jpg', 1, '2024-01-22 07:06:22'),
(14, 7, 'food3-1b.jpg', 2, '2024-01-22 07:06:22'),
(15, 8, 'food3-2a.jpg', 1, '2024-01-22 07:06:22'),
(16, 8, 'food3-2b.jpg', 2, '2024-01-22 07:06:22'),
(17, 9, 'food3-3a.jpg', 1, '2024-01-22 07:06:22'),
(18, 9, 'food3-3b.jpg', 2, '2024-01-22 07:06:22'),
(19, 10, 'food4-1a.jpg', 1, '2024-01-22 07:06:22'),
(20, 10, 'food4-1b.jpg', 2, '2024-01-22 07:06:22'),
(21, 11, 'food4-2a.jpg', 1, '2024-01-22 07:06:22'),
(22, 11, 'food4-2b.jpg', 2, '2024-01-22 07:06:22'),
(23, 12, 'toy1-1a.jpg', 1, '2024-01-22 07:06:22'),
(24, 12, 'toy1-1b.jpg', 2, '2024-01-22 07:06:22'),
(25, 13, 'toy1-2a.jpg', 1, '2024-01-22 07:06:22'),
(26, 13, 'toy1-2b.jpg', 2, '2024-01-22 07:06:22'),
(27, 14, 'toy2-1a.jpg', 1, '2024-01-22 07:06:22'),
(28, 14, 'toy2-1b.jpg', 2, '2024-01-22 07:06:22'),
(29, 15, 'toy2-2a.jpg', 1, '2024-01-22 07:06:22'),
(30, 15, 'toy2-2b.jpg', 2, '2024-01-22 07:06:22'),
(31, 16, 'toy2-3a.jpg', 1, '2024-01-22 07:06:22'),
(32, 16, 'toy2-3b.jpg', 2, '2024-01-22 07:06:22'),
(33, 17, 'toy2-4a.jpg', 1, '2024-01-22 07:06:22'),
(34, 17, 'toy2-4b.jpg', 2, '2024-01-22 07:06:22'),
(35, 18, 'toy3-1a.jpg', 1, '2024-01-22 07:33:33'),
(36, 18, 'toy3-1b.jpg', 2, '2024-01-22 07:33:33'),
(37, 19, 'toy3-2a.jpg', 1, '2024-01-22 07:33:33'),
(38, 19, 'toy3-2b.jpg', 2, '2024-01-22 07:33:33'),
(39, 20, 'toy3-3a.jpg', 1, '2024-01-22 07:33:33'),
(40, 20, 'toy3-3b.jpg', 2, '2024-01-22 07:33:33'),
(41, 21, 'cage1-1a.jpg', 1, '2024-01-22 07:37:33'),
(42, 21, 'cage1-1b.jpg', 2, '2024-01-22 07:37:33'),
(43, 22, 'cage1-2a.jpg', 1, '2024-01-22 07:37:33'),
(44, 22, 'cage1-2b.jpg', 2, '2024-01-22 07:37:33'),
(45, 23, 'cage2-1a.jpg', 1, '2024-01-22 07:46:28'),
(46, 23, 'cage2-1b.jpg', 2, '2024-01-22 07:46:28'),
(47, 24, 'cage2-2a.jpg', 1, '2024-01-22 07:46:28'),
(48, 24, 'cage2-2b.jpg', 2, '2024-01-22 07:46:28'),
(49, 25, 'cage2-3a.jpg', 1, '2024-01-22 07:46:28'),
(50, 25, 'cage2-3b.jpg', 2, '2024-01-22 07:46:28'),
(51, 26, 'cage3-1a.jpg', 1, '2024-01-22 07:51:41'),
(52, 26, 'cage3-1b.jpg', 2, '2024-01-22 07:51:41'),
(53, 27, 'cage3-2a.jpg', 1, '2024-01-22 07:51:41'),
(54, 27, 'cage3-2b.jpg', 2, '2024-01-22 07:51:41'),
(55, 28, 'cage3-3a.jpg', 1, '2024-01-22 07:51:41'),
(56, 28, 'cage3-3b.jpg', 2, '2024-01-22 07:51:41'),
(57, 29, 'cage3-4a.jpg', 1, '2024-01-22 07:51:41'),
(58, 29, 'cage3-4b.jpg', 2, '2024-01-22 07:51:41'),
(59, 30, 'bath1-1a.jpg', 1, '2024-01-22 07:54:52'),
(60, 30, 'bath1-1b.jpg', 2, '2024-01-22 07:54:52'),
(61, 31, 'bath1-2a.jpg', 1, '2024-01-22 07:54:52'),
(62, 31, 'bath1-2b.jpg', 2, '2024-01-22 07:54:52'),
(63, 32, 'bath2-1a.jpg', 1, '2024-01-22 07:58:15'),
(64, 32, 'bath2-1b.jpg', 2, '2024-01-22 07:58:15'),
(65, 33, 'bath2-2a.jpg', 1, '2024-01-22 07:58:15'),
(66, 33, 'bath2-2b.jpg', 2, '2024-01-22 07:58:15'),
(67, 34, 'food2-4a.jpg', 1, '2024-01-22 07:58:15'),
(68, 34, 'food2-4b.jpg', 2, '2024-01-22 07:58:15'),
(69, 35, 'food2-5a.jpg', 1, '2024-01-22 07:58:15'),
(70, 35, 'food2-5b.jpg', 2, '2024-01-22 07:58:15'),
(71, 36, 'food2-6a.jpg', 1, '2024-01-22 07:58:15'),
(72, 36, 'food2-6b.jpg', 2, '2024-01-22 07:58:15');

-- --------------------------------------------------------

--
-- 資料表結構 `pyclass`
--

CREATE TABLE `pyclass` (
  `classid` int(3) NOT NULL COMMENT '產品類別',
  `level` int(2) NOT NULL COMMENT '所在層級',
  `fonticon` varchar(30) NOT NULL COMMENT '字型圖示',
  `cname` varchar(30) NOT NULL COMMENT '類別名稱',
  `sort` int(3) NOT NULL COMMENT '列表排序',
  `uplink` int(3) NOT NULL COMMENT '上層連結',
  `create_date` timestamp NOT NULL DEFAULT current_timestamp() ON UPDATE current_timestamp() COMMENT '建立時間與更新時間'
) ENGINE=InnoDB DEFAULT CHARSET=utf8 COLLATE=utf8_unicode_ci ROW_FORMAT=COMPACT;

--
-- 傾印資料表的資料 `pyclass`
--

INSERT INTO `pyclass` (`classid`, `level`, `fonticon`, `cname`, `sort`, `uplink`, `create_date`) VALUES
(1, 1, 'fa-paw', '新上架', 1, 0, '2024-01-22 06:21:09'),
(2, 1, 'fa-dollar-sign', 'SALE', 2, 0, '2024-01-24 08:19:47'),
(3, 1, 'fa-carrot', '主食', 3, 0, '2024-01-24 08:19:51'),
(4, 1, 'fa-bell', '玩具', 4, 0, '2024-01-24 08:19:56'),
(5, 1, 'fa-igloo', '籠子', 5, 0, '2024-01-24 08:20:07'),
(6, 1, 'fa-bath', '沐浴', 6, 0, '2024-01-24 08:20:01'),
(31, 2, 'fa-egg', '蔬果類', 1, 3, '2024-01-24 08:10:38'),
(32, 2, 'fa-egg', '穀物類', 2, 3, '2024-01-24 08:20:18'),
(33, 2, 'fa-egg', '營養補充', 3, 3, '2024-01-24 08:20:22'),
(34, 2, 'fa-egg', '零食', 4, 3, '2024-01-24 08:21:04'),
(120, 2, 'fa-egg', '不鏽鋼玩具系列', 1, 4, '2024-01-24 08:21:04'),
(121, 2, 'fa-egg', '木製品系列', 2, 4, '2024-01-24 08:21:04'),
(122, 2, 'fa-egg', '耐啃咬系列', 3, 4, '2024-01-24 08:21:04'),
(123, 2, 'fa-egg', '外出籠', 1, 5, '2024-01-24 08:21:04'),
(124, 2, 'fa-egg', '白鐵籠', 2, 5, '2024-01-24 08:21:04'),
(125, 2, 'fa-egg', '籠內配件', 3, 5, '2024-01-24 08:21:04'),
(126, 2, 'fa-egg', '沐浴粉/沐浴液', 1, 6, '2024-01-24 08:21:04'),
(127, 2, 'fa-egg', '其他沐浴產品', 2, 6, '2024-01-24 08:21:04'),
(128, 2, 'fa-egg', '新上架商品', 1, 1, '2024-01-24 08:21:04'),
(129, 2, 'fa-egg', '特價商品', 1, 2, '2024-01-24 08:21:04');

-- --------------------------------------------------------

--
-- 資料表結構 `town`
--

CREATE TABLE `town` (
  `townNo` bigint(20) NOT NULL COMMENT '鄕鎮市編號',
  `Name` varchar(150) NOT NULL COMMENT '鄕鎮市名稱',
  `Post` varchar(10) NOT NULL COMMENT '郵遞區號',
  `State` smallint(6) NOT NULL COMMENT '狀態',
  `AutoNo` int(10) NOT NULL COMMENT '上層城市編號連結'
) ENGINE=MyISAM DEFAULT CHARSET=utf8 COLLATE=utf8_unicode_ci;

--
-- 傾印資料表的資料 `town`
--

INSERT INTO `town` (`townNo`, `Name`, `Post`, `State`, `AutoNo`) VALUES
(1, '中正區', '100', 0, 1),
(2, '大同區', '103', 0, 1),
(3, '中山區', '104', 0, 1),
(4, '松山區', '105', 0, 1),
(5, '大安區', '106', 0, 1),
(6, '萬華區', '108', 0, 1),
(7, '信義區', '110', 0, 1),
(8, '士林區', '111', 0, 1),
(9, '北投區', '112', 0, 1),
(10, '內湖區', '114', 0, 1),
(11, '南港區', '115', 0, 1),
(12, '文山區', '116', 0, 1),
(13, '仁愛區', '200', 0, 2),
(14, '信義區', '201', 0, 2),
(15, '中正區', '202', 0, 2),
(16, '中山區', '203', 0, 2),
(17, '安樂區', '204', 0, 2),
(18, '暖暖區', '205', 0, 2),
(19, '七堵區', '206', 0, 2),
(20, '萬里區', '207', 0, 3),
(21, '金山區', '208', 0, 3),
(22, '板橋區', '220', 0, 3),
(23, '汐止區', '221', 0, 3),
(24, '深坑區', '222', 0, 3),
(25, '石碇區', '223', 0, 3),
(26, '瑞芳區', '224', 0, 3),
(27, '平溪區', '226', 0, 3),
(28, '雙溪區', '227', 0, 3),
(29, '貢寮區', '228', 0, 3),
(30, '新店區', '231', 0, 3),
(31, '坪林區', '232', 0, 3),
(32, '烏來區', '233', 0, 3),
(33, '永和區', '234', 0, 3),
(34, '中和區', '235', 0, 3),
(35, '土城區', '236', 0, 3),
(36, '三峽區', '237', 0, 3),
(37, '樹林區', '238', 0, 3),
(38, '鶯歌區', '239', 0, 3),
(39, '三重區', '241', 0, 3),
(40, '新莊區', '242', 0, 3),
(41, '泰山區', '243', 0, 3),
(42, '林口區', '244', 0, 3),
(43, '蘆洲區', '247', 0, 3),
(44, '五股區', '248', 0, 3),
(45, '八里區', '249', 0, 3),
(46, '淡水區', '251', 0, 3),
(47, '三芝區', '252', 0, 3),
(48, '石門區', '253', 0, 3),
(49, '宜蘭市', '260', 0, 4),
(50, '頭城鎮', '261', 0, 4),
(51, '礁溪鄉', '262', 0, 4),
(52, '壯圍鄉', '263', 0, 4),
(53, '員山鄉', '264', 0, 4),
(54, '羅東鎮', '265', 0, 4),
(55, '三星鄉', '266', 0, 4),
(56, '大同鄉', '267', 0, 4),
(57, '五結鄉', '268', 0, 4),
(58, '冬山鄉', '269', 0, 4),
(59, '蘇澳鎮', '270', 0, 4),
(60, '南澳鄉', '272', 0, 4),
(61, '釣魚台列嶼', '290', 0, 4),
(62, '新竹市(東區)', '300', 0, 5),
(63, '竹北市', '302', 0, 6),
(64, '湖口鄉', '303', 0, 6),
(65, '新豐鄉', '304', 0, 6),
(66, '新埔鎮', '305', 0, 6),
(67, '關西鎮', '306', 0, 6),
(68, '芎林鄉', '307', 0, 6),
(69, '寶山鄉', '308', 0, 6),
(70, '竹東鎮', '310', 0, 6),
(71, '五峰鄉', '311', 0, 6),
(72, '橫山鄉', '312', 0, 6),
(73, '尖石鄉', '313', 0, 6),
(74, '北埔鄉', '314', 0, 6),
(75, '峨眉鄉', '315', 0, 6),
(76, '中壢區', '320', 0, 7),
(77, '平鎮區', '324', 0, 7),
(78, '龍潭區', '325', 0, 7),
(79, '楊梅區', '326', 0, 7),
(80, '新屋區', '327', 0, 7),
(81, '觀音區', '328', 0, 7),
(82, '桃園區', '330', 0, 7),
(83, '龜山區', '333', 0, 7),
(84, '八德區', '334', 0, 7),
(85, '大溪區', '335', 0, 7),
(86, '復興區', '336', 0, 7),
(87, '大園區', '337', 0, 7),
(88, '蘆竹區', '338', 0, 7),
(89, '竹南鎮', '350', 0, 8),
(90, '頭份市', '351', 0, 8),
(91, '三灣鄉', '352', 0, 8),
(92, '南庄鄉', '353', 0, 8),
(93, '獅潭鄉', '354', 0, 8),
(94, '後龍鎮', '356', 0, 8),
(95, '通霄鎮', '357', 0, 8),
(96, '苑裡鎮', '358', 0, 8),
(97, '苗栗市', '360', 0, 8),
(98, '造橋鄉', '361', 0, 8),
(99, '頭屋鄉', '362', 0, 8),
(100, '公館鄉', '363', 0, 8),
(101, '大湖鄉', '364', 0, 8),
(102, '泰安鄉', '365', 0, 8),
(103, '銅鑼鄉', '366', 0, 8),
(104, '三義鄉', '367', 0, 8),
(105, '西湖鄉', '368', 0, 8),
(106, '卓蘭鎮', '369', 0, 8),
(107, '中區', '400', 0, 9),
(108, '東區', '401', 0, 9),
(109, '南區', '402', 0, 9),
(110, '西區', '403', 0, 9),
(111, '北區', '404', 0, 9),
(112, '北屯區', '406', 0, 9),
(113, '西屯區', '407', 0, 9),
(114, '南屯區', '408', 0, 9),
(115, '太平區', '411', 0, 9),
(116, '大里區', '412', 0, 9),
(117, '霧峰區', '413', 0, 9),
(118, '烏日區', '414', 0, 9),
(119, '豐原區', '420', 0, 9),
(120, '后里區', '421', 0, 9),
(121, '石岡區', '422', 0, 9),
(122, '東勢區', '423', 0, 9),
(123, '和平區', '424', 0, 9),
(124, '新社區', '426', 0, 9),
(125, '潭子區', '427', 0, 9),
(126, '大雅區', '428', 0, 9),
(127, '神岡區', '429', 0, 9),
(128, '大肚區', '432', 0, 9),
(129, '沙鹿區', '433', 0, 9),
(130, '龍井區', '434', 0, 9),
(131, '梧棲區', '435', 0, 9),
(132, '清水區', '436', 0, 9),
(133, '大甲區', '437', 0, 9),
(134, '外埔區', '438', 0, 9),
(135, '大安區', '439', 0, 9),
(136, '彰化市', '500', 0, 10),
(137, '芬園鄉', '502', 0, 10),
(138, '花壇鄉', '503', 0, 10),
(139, '秀水鄉', '504', 0, 10),
(140, '鹿港鎮', '505', 0, 10),
(141, '福興鄉', '506', 0, 10),
(142, '線西鄉', '507', 0, 10),
(143, '和美鎮', '508', 0, 10),
(144, '伸港鄉', '509', 0, 10),
(145, '員林市', '510', 0, 10),
(146, '社頭鄉', '511', 0, 10),
(147, '永靖鄉', '512', 0, 10),
(148, '埔心鄉', '513', 0, 10),
(149, '溪湖鎮', '514', 0, 10),
(150, '大村鄉', '515', 0, 10),
(151, '埔鹽鄉', '516', 0, 10),
(152, '田中鎮', '520', 0, 10),
(153, '北斗鎮', '521', 0, 10),
(154, '田尾鄉', '522', 0, 10),
(155, '埤頭鄉', '523', 0, 10),
(156, '溪州鄉', '524', 0, 10),
(157, '竹塘鄉', '525', 0, 10),
(158, '二林鎮', '526', 0, 10),
(159, '大城鄉', '527', 0, 10),
(160, '芳苑鄉', '528', 0, 10),
(161, '二水鄉', '530', 0, 10),
(162, '南投市', '540', 0, 11),
(163, '中寮鄉', '541', 0, 11),
(164, '草屯鎮', '542', 0, 11),
(165, '國姓鄉', '544', 0, 11),
(166, '埔里鎮', '545', 0, 11),
(167, '仁愛鄉', '546', 0, 11),
(168, '名間鄉', '551', 0, 11),
(169, '集集鎮', '552', 0, 11),
(170, '水里鄉', '553', 0, 11),
(171, '魚池鄉', '555', 0, 11),
(172, '信義鄉', '556', 0, 11),
(173, '竹山鎮', '557', 0, 11),
(174, '鹿谷鄉', '558', 0, 11),
(175, '斗南鎮', '630', 0, 12),
(176, '大埤鄉', '631', 0, 12),
(177, '虎尾鎮', '632', 0, 12),
(178, '土庫鎮', '633', 0, 12),
(179, '褒忠鄉', '634', 0, 12),
(180, '東勢鄉', '635', 0, 12),
(181, '臺西鄉', '636', 0, 12),
(182, '崙背鄉', '637', 0, 12),
(183, '麥寮鄉', '638', 0, 12),
(184, '斗六市', '640', 0, 12),
(185, '林內鄉', '643', 0, 12),
(186, '古坑鄉', '646', 0, 12),
(187, '莿桐鄉', '647', 0, 12),
(188, '西螺鎮', '648', 0, 12),
(189, '二崙鄉', '649', 0, 12),
(190, '北港鎮', '651', 0, 12),
(191, '水林鄉', '652', 0, 12),
(192, '口湖鄉', '653', 0, 12),
(193, '四湖鄉', '654', 0, 12),
(194, '元長鄉', '655', 0, 12),
(195, '嘉義市(東區)', '600', 0, 13),
(196, '番路鄉', '602', 0, 14),
(197, '梅山鄉', '603', 0, 14),
(198, '竹崎鄉', '604', 0, 14),
(199, '阿里山鄉', '605', 0, 14),
(200, '中埔鄉', '606', 0, 14),
(201, '大埔鄉', '607', 0, 14),
(202, '水上鄉', '608', 0, 14),
(203, '鹿草鄉', '611', 0, 14),
(204, '太保市', '612', 0, 14),
(205, '朴子市', '613', 0, 14),
(206, '東石鄉', '614', 0, 14),
(207, '六腳鄉', '615', 0, 14),
(208, '新港鄉', '616', 0, 14),
(209, '民雄鄉', '621', 0, 14),
(210, '大林鎮', '622', 0, 14),
(211, '溪口鄉', '623', 0, 14),
(212, '義竹鄉', '624', 0, 14),
(213, '布袋鎮', '625', 0, 14),
(214, '中西區', '700', 0, 15),
(215, '東區', '701', 0, 15),
(216, '南區', '702', 0, 15),
(217, '北區', '704', 0, 15),
(218, '安平區', '708', 0, 15),
(219, '安南區', '709', 0, 15),
(220, '永康區', '710', 0, 15),
(221, '歸仁區', '711', 0, 15),
(222, '新化區', '712', 0, 15),
(223, '左鎮區', '713', 0, 15),
(224, '玉井區', '714', 0, 15),
(225, '楠西區', '715', 0, 15),
(226, '南化區', '716', 0, 15),
(227, '仁德區', '717', 0, 15),
(228, '關廟區', '718', 0, 15),
(229, '龍崎區', '719', 0, 15),
(230, '官田區', '720', 0, 15),
(231, '麻豆區', '721', 0, 15),
(232, '佳里區', '722', 0, 15),
(233, '西港區', '723', 0, 15),
(234, '七股區', '724', 0, 15),
(235, '將軍區', '725', 0, 15),
(236, '學甲區', '726', 0, 15),
(237, '北門區', '727', 0, 15),
(238, '新營區', '730', 0, 15),
(239, '後壁區', '731', 0, 15),
(240, '白河區', '732', 0, 15),
(241, '東山區', '733', 0, 15),
(242, '六甲區', '734', 0, 15),
(243, '下營區', '735', 0, 15),
(244, '柳營區', '736', 0, 15),
(245, '鹽水區', '737', 0, 15),
(246, '善化區', '741', 0, 15),
(247, '大內區', '742', 0, 15),
(248, '山上區', '743', 0, 15),
(249, '新市區', '744', 0, 15),
(250, '安定區', '745', 0, 15),
(251, '新興區', '800', 0, 16),
(252, '前金區', '801', 0, 16),
(253, '苓雅區', '802', 0, 16),
(254, '鹽埕區', '803', 0, 16),
(255, '鼓山區', '804', 0, 16),
(256, '旗津區', '805', 0, 16),
(257, '前鎮區', '806', 0, 16),
(258, '三民區', '807', 0, 16),
(259, '楠梓區', '811', 0, 16),
(260, '小港區', '812', 0, 16),
(261, '左營區', '813', 0, 16),
(262, '仁武區', '814', 0, 16),
(263, '大社區', '815', 0, 16),
(264, '岡山區', '820', 0, 16),
(265, '路竹區', '821', 0, 16),
(266, '阿蓮區', '822', 0, 16),
(267, '田寮區', '823', 0, 16),
(268, '燕巢區', '824', 0, 16),
(269, '橋頭區', '825', 0, 16),
(270, '梓官區', '826', 0, 16),
(271, '彌陀區', '827', 0, 16),
(272, '永安區', '828', 0, 16),
(273, '湖內區', '829', 0, 16),
(274, '鳳山區', '830', 0, 16),
(275, '大寮區', '831', 0, 16),
(276, '林園區', '832', 0, 16),
(277, '鳥松區', '833', 0, 16),
(278, '大樹區', '840', 0, 16),
(279, '旗山區', '842', 0, 16),
(280, '美濃區', '843', 0, 16),
(281, '六龜區', '844', 0, 16),
(282, '內門區', '845', 0, 16),
(283, '杉林區', '846', 0, 16),
(284, '甲仙區', '847', 0, 16),
(285, '桃源區', '848', 0, 16),
(286, '那瑪夏區', '849', 0, 16),
(287, '茂林區', '851', 0, 16),
(288, '茄萣區', '852', 0, 16),
(289, '東沙', '817', 0, 17),
(290, '南沙', '819', 0, 17),
(291, '馬公市', '880', 0, 18),
(292, '西嶼鄉', '881', 0, 18),
(293, '望安鄉', '882', 0, 18),
(294, '七美鄉', '883', 0, 18),
(295, '白沙鄉', '884', 0, 18),
(296, '湖西鄉', '885', 0, 18),
(297, '屏東市', '900', 0, 19),
(298, '三地門鄉', '901', 0, 19),
(299, '霧臺鄉', '902', 0, 19),
(300, '瑪家鄉', '903', 0, 19),
(301, '九如鄉', '904', 0, 19),
(302, '里港鄉', '905', 0, 19),
(303, '高樹鄉', '906', 0, 19),
(304, '鹽埔鄉', '907', 0, 19),
(305, '長治鄉', '908', 0, 19),
(306, '麟洛鄉', '909', 0, 19),
(307, '竹田鄉', '911', 0, 19),
(308, '內埔鄉', '912', 0, 19),
(309, '萬丹鄉', '913', 0, 19),
(310, '潮州鎮', '920', 0, 19),
(311, '泰武鄉', '921', 0, 19),
(312, '來義鄉', '922', 0, 19),
(313, '萬巒鄉', '923', 0, 19),
(314, '崁頂鄉', '924', 0, 19),
(315, '新埤鄉', '925', 0, 19),
(316, '南州鄉', '926', 0, 19),
(317, '林邊鄉', '927', 0, 19),
(318, '東港鄉', '928', 0, 19),
(319, '琉球鄉', '929', 0, 19),
(320, '佳冬鄉', '931', 0, 19),
(321, '新園鄉', '932', 0, 19),
(322, '枋寮鄉', '940', 0, 19),
(323, '枋山鄉', '941', 0, 19),
(324, '春日鄉', '942', 0, 19),
(325, '獅子鄉', '943', 0, 19),
(326, '車城鄉', '944', 0, 19),
(327, '牡丹鄉', '945', 0, 19),
(328, '恆春鎮', '946', 0, 19),
(329, '滿州鄉', '947', 0, 19),
(330, '臺東市', '950', 0, 20),
(331, '綠島鄉', '951', 0, 20),
(332, '蘭嶼鄉', '952', 0, 20),
(333, '延平鄉', '953', 0, 20),
(334, '卑南鄉', '954', 0, 20),
(335, '鹿野鄉', '955', 0, 20),
(336, '關山鎮', '956', 0, 20),
(337, '海端鄉', '957', 0, 20),
(338, '池上鄉', '958', 0, 20),
(339, '東河鄉', '959', 0, 20),
(340, '成功鎮', '961', 0, 20),
(341, '長濱鄉', '962', 0, 20),
(342, '太麻里鄉', '963', 0, 20),
(343, '金峰鄉', '964', 0, 20),
(344, '大武鄉', '965', 0, 20),
(345, '達仁鄉', '966', 0, 20),
(346, '花蓮市', '970', 0, 21),
(347, '新城鄉', '971', 0, 21),
(348, '秀林鄉', '972', 0, 21),
(349, '吉安鄉', '973', 0, 21),
(350, '壽豐鄉', '974', 0, 21),
(351, '鳳林鎮', '975', 0, 21),
(352, '光復鄉', '976', 0, 21),
(353, '豐濱鄉', '977', 0, 21),
(354, '瑞穗鄉', '978', 0, 21),
(355, '萬榮鄉', '979', 0, 21),
(356, '玉里鎮', '981', 0, 21),
(357, '卓溪鄉', '982', 0, 21),
(358, '富里鄉', '983', 0, 21),
(359, '金沙鎮', '890', 0, 22),
(360, '金湖鎮', '891', 0, 22),
(361, '金寧鄉', '892', 0, 22),
(362, '金城鎮', '893', 0, 22),
(363, '烈嶼鄉', '894', 0, 22),
(364, '烏坵鄉', '896', 0, 22),
(365, '南竿鄉', '209', 0, 23),
(366, '北竿鄉', '210', 0, 23),
(367, '莒光鄉', '211', 0, 23),
(368, '東引鄉', '212', 0, 23),
(371, '新竹市(北區)', '300', 0, 5),
(372, '新竹市(香山區)', '300', 0, 5),
(373, '嘉義市(西區)', '600', 0, 13);

-- --------------------------------------------------------

--
-- 資料表結構 `uorder`
--

CREATE TABLE `uorder` (
  `orderid` varchar(30) NOT NULL COMMENT '訂單編號',
  `emailid` int(10) NOT NULL COMMENT '會員編號',
  `addressid` int(10) NOT NULL COMMENT '收件人編號',
  `howpay` tinyint(4) NOT NULL DEFAULT 1 COMMENT '如何付款',
  `paystatus` int(5) DEFAULT NULL COMMENT '付款狀態',
  `status` tinyint(1) NOT NULL DEFAULT 1 COMMENT '訂單處理狀態',
  `remark` varchar(200) DEFAULT NULL COMMENT '備註',
  `create_date` timestamp NOT NULL DEFAULT current_timestamp() COMMENT '訂單時間'
) ENGINE=InnoDB DEFAULT CHARSET=utf8 COLLATE=utf8_unicode_ci ROW_FORMAT=COMPACT;

--
-- 已傾印資料表的索引
--

--
-- 資料表索引 `addbook`
--
ALTER TABLE `addbook`
  ADD PRIMARY KEY (`addressid`);

--
-- 資料表索引 `carousel`
--
ALTER TABLE `carousel`
  ADD PRIMARY KEY (`caro_id`);

--
-- 資料表索引 `cart`
--
ALTER TABLE `cart`
  ADD PRIMARY KEY (`cartid`);

--
-- 資料表索引 `city`
--
ALTER TABLE `city`
  ADD PRIMARY KEY (`AutoNo`);

--
-- 資料表索引 `hot`
--
ALTER TABLE `hot`
  ADD PRIMARY KEY (`h_id`);

--
-- 資料表索引 `member`
--
ALTER TABLE `member`
  ADD PRIMARY KEY (`emailid`),
  ADD UNIQUE KEY `email` (`email`);

--
-- 資料表索引 `multiselect`
--
ALTER TABLE `multiselect`
  ADD PRIMARY KEY (`msid`);

--
-- 資料表索引 `product`
--
ALTER TABLE `product`
  ADD PRIMARY KEY (`p_id`);

--
-- 資料表索引 `product_img`
--
ALTER TABLE `product_img`
  ADD PRIMARY KEY (`img_id`);

--
-- 資料表索引 `pyclass`
--
ALTER TABLE `pyclass`
  ADD PRIMARY KEY (`classid`);

--
-- 資料表索引 `town`
--
ALTER TABLE `town`
  ADD PRIMARY KEY (`townNo`);

--
-- 資料表索引 `uorder`
--
ALTER TABLE `uorder`
  ADD PRIMARY KEY (`orderid`);

--
-- 在傾印的資料表使用自動遞增(AUTO_INCREMENT)
--

--
-- 使用資料表自動遞增(AUTO_INCREMENT) `addbook`
--
ALTER TABLE `addbook`
  MODIFY `addressid` int(10) NOT NULL AUTO_INCREMENT COMMENT '地址ID';

--
-- 使用資料表自動遞增(AUTO_INCREMENT) `carousel`
--
ALTER TABLE `carousel`
  MODIFY `caro_id` int(3) NOT NULL AUTO_INCREMENT COMMENT '輪播編號', AUTO_INCREMENT=4;

--
-- 使用資料表自動遞增(AUTO_INCREMENT) `cart`
--
ALTER TABLE `cart`
  MODIFY `cartid` int(10) NOT NULL AUTO_INCREMENT COMMENT '購物車編號', AUTO_INCREMENT=7;

--
-- 使用資料表自動遞增(AUTO_INCREMENT) `city`
--
ALTER TABLE `city`
  MODIFY `AutoNo` int(10) NOT NULL AUTO_INCREMENT COMMENT '城市編號', AUTO_INCREMENT=24;

--
-- 使用資料表自動遞增(AUTO_INCREMENT) `hot`
--
ALTER TABLE `hot`
  MODIFY `h_id` int(3) NOT NULL AUTO_INCREMENT COMMENT '熱銷商品流水號', AUTO_INCREMENT=5;

--
-- 使用資料表自動遞增(AUTO_INCREMENT) `member`
--
ALTER TABLE `member`
  MODIFY `emailid` int(11) NOT NULL AUTO_INCREMENT COMMENT 'email流水號';

--
-- 使用資料表自動遞增(AUTO_INCREMENT) `multiselect`
--
ALTER TABLE `multiselect`
  MODIFY `msid` int(5) NOT NULL AUTO_INCREMENT COMMENT '多功能選擇ID', AUTO_INCREMENT=39;

--
-- 使用資料表自動遞增(AUTO_INCREMENT) `product`
--
ALTER TABLE `product`
  MODIFY `p_id` int(10) NOT NULL AUTO_INCREMENT COMMENT '產品編號', AUTO_INCREMENT=37;

--
-- 使用資料表自動遞增(AUTO_INCREMENT) `product_img`
--
ALTER TABLE `product_img`
  MODIFY `img_id` int(11) NOT NULL AUTO_INCREMENT COMMENT '圖檔編號', AUTO_INCREMENT=73;

--
-- 使用資料表自動遞增(AUTO_INCREMENT) `pyclass`
--
ALTER TABLE `pyclass`
  MODIFY `classid` int(3) NOT NULL AUTO_INCREMENT COMMENT '產品類別', AUTO_INCREMENT=130;

--
-- 使用資料表自動遞增(AUTO_INCREMENT) `town`
--
ALTER TABLE `town`
  MODIFY `townNo` bigint(20) NOT NULL AUTO_INCREMENT COMMENT '鄕鎮市編號', AUTO_INCREMENT=374;
COMMIT;

/*!40101 SET CHARACTER_SET_CLIENT=@OLD_CHARACTER_SET_CLIENT */;
/*!40101 SET CHARACTER_SET_RESULTS=@OLD_CHARACTER_SET_RESULTS */;
/*!40101 SET COLLATION_CONNECTION=@OLD_COLLATION_CONNECTION */;
